INSERT INTO `facilities` (`id`, `name`) VALUES
(1, 'TV'),
(2, 'Safe'),
(3, 'Mini Fridge '),
(4, 'Hair Dryer'),
(5, 'Make Up Room'),
(6, 'DVD player'),
(7, 'Complimentary Drinking Water'),
(8, 'Air-conditioning'),
(9, 'Tea and coffee making facilities'),
(10, 'Bathroom with bath tub and hairdryer'),
(11, 'Bathroom with shower and hairdryer'),
(12, 'Slippers '),
(13, 'Direct dial phone');


INSERT INTO `rooms` (`id`, `number`, `floor`, `price`, `description`, `room_type`) VALUES
(1, 101, 'First Floor', 100, 'Space in your house How to sell faster than your neighbors How to make a strategic use. To discourage you by telling. To discourage you by telling. I m going to outline 14 different ways that I ve found you. The real goal of any talk or speech. The real goal of any talk or speech. I m going to outline 14 different ways that I ve found you. The real goal of any talk or speech. I m going to outline 14 different ways that I ve found you. The real goal of any talk or speech. To discourage you by telling. To discourage you by telling. Space in your house How to sell faster than your neighbors How to make a strategic use. The real goal of any talk or speech.\n\nBy Learning Ways To Become Peaceful. One of the greatest barriers to making the sale is your prospect\'s natural. Don\'t stubbornly. Don\'t stubbornly. Don\'t stubbornly. -And Gain Power By Learning Ways To Become Peaceful.', 1),
(2, 102, 'First Floor', 200, 'Space in your house How to sell faster than your neighbors How to make a strategic use. To discourage you by telling. To discourage you by telling. I m going to outline 14 different ways that I ve found you. The real goal of any talk or speech. The real goal of any talk or speech. I m going to outline 14 different ways that I ve found you. The real goal of any talk or speech. I m going to outline 14 different ways that I ve found you. The real goal of any talk or speech. To discourage you by telling. To discourage you by telling. Space in your house How to sell faster than your neighbors How to make a strategic use. The real goal of any talk or speech.\r\n\r\nBy Learning Ways To Become Peaceful. One of the greatest barriers to making the sale is your prospect\'s natural. Don\'t stubbornly. Don\'t stubbornly. Don\'t stubbornly. -And Gain Power By Learning Ways To Become Peaceful.', 2),
(3, 200, 'Second Floor', 250, 'Space in your house How to sell faster than your neighbors How to make a strategic use. To discourage you by telling. To discourage you by telling. I m going to outline 14 different ways that I ve found you. The real goal of any talk or speech. The real goal of any talk or speech. I m going to outline 14 different ways that I ve found you. The real goal of any talk or speech. I m going to outline 14 different ways that I ve found you. The real goal of any talk or speech. To discourage you by telling. To discourage you by telling. Space in your house How to sell faster than your neighbors How to make a strategic use. The real goal of any talk or speech.\r\n\r\nBy Learning Ways To Become Peaceful. One of the greatest barriers to making the sale is your prospect\'s natural. Don\'t stubbornly. Don\'t stubbornly. Don\'t stubbornly. -And Gain Power By Learning Ways To Become Peaceful.', 3),
(4, 201, 'Second Floor', 250, 'Space in your house How to sell faster than your neighbors How to make a strategic use. To discourage you by telling. To discourage you by telling. I m going to outline 14 different ways that I ve found you. The real goal of any talk or speech. The real goal of any talk or speech. I m going to outline 14 different ways that I ve found you. The real goal of any talk or speech. I m going to outline 14 different ways that I ve found you. The real goal of any talk or speech. To discourage you by telling. To discourage you by telling. Space in your house How to sell faster than your neighbors How to make a strategic use. The real goal of any talk or speech.\r\n\r\nBy Learning Ways To Become Peaceful. One of the greatest barriers to making the sale is your prospect\'s natural. Don\'t stubbornly. Don\'t stubbornly. Don\'t stubbornly. -And Gain Power By Learning Ways To Become Peaceful.', 3),
(5, 300, 'Third Floor', 300, 'Space in your house How to sell faster than your neighbors How to make a strategic use. To discourage you by telling. To discourage you by telling. I m going to outline 14 different ways that I ve found you. The real goal of any talk or speech. The real goal of any talk or speech. I m going to outline 14 different ways that I ve found you. The real goal of any talk or speech. I m going to outline 14 different ways that I ve found you. The real goal of any talk or speech. To discourage you by telling. To discourage you by telling. Space in your house How to sell faster than your neighbors How to make a strategic use. The real goal of any talk or speech.\r\n\r\nBy Learning Ways To Become Peaceful. One of the greatest barriers to making the sale is your prospect\'s natural. Don\'t stubbornly. Don\'t stubbornly. Don\'t stubbornly. -And Gain Power By Learning Ways To Become Peaceful.', 4),
(6, 301, 'Third Floor', 350, 'Space in your house How to sell faster than your neighbors How to make a strategic use. To discourage you by telling. To discourage you by telling. I m going to outline 14 different ways that I ve found you. The real goal of any talk or speech. The real goal of any talk or speech. I m going to outline 14 different ways that I ve found you. The real goal of any talk or speech. I m going to outline 14 different ways that I ve found you. The real goal of any talk or speech. To discourage you by telling. To discourage you by telling. Space in your house How to sell faster than your neighbors How to make a strategic use. The real goal of any talk or speech.\r\n\r\nBy Learning Ways To Become Peaceful. One of the greatest barriers to making the sale is your prospect\'s natural. Don\'t stubbornly. Don\'t stubbornly. Don\'t stubbornly. -And Gain Power By Learning Ways To Become Peaceful.', 5),
(7, 500, 'Fifth Floor', 600, 'Space in your house How to sell faster than your neighbors How to make a strategic use. To discourage you by telling. To discourage you by telling. I m going to outline 14 different ways that I ve found you. The real goal of any talk or speech. The real goal of any talk or speech. I m going to outline 14 different ways that I ve found you. The real goal of any talk or speech. I m going to outline 14 different ways that I ve found you. The real goal of any talk or speech. To discourage you by telling. To discourage you by telling. Space in your house How to sell faster than your neighbors How to make a strategic use. The real goal of any talk or speech.\n\nBy Learning Ways To Become Peaceful. One of the greatest barriers to making the sale is your prospect\'s natural. Don\'t stubbornly. Don\'t stubbornly. Don\'t stubbornly. -And Gain Power By Learning Ways To Become Peaceful.', 6),
(8, 520, 'Fifth Floor', 760, 'Space in your house How to sell faster than your neighbors How to make a strategic use. To discourage you by telling. To discourage you by telling. I m going to outline 14 different ways that I ve found you. The real goal of any talk or speech. The real goal of any talk or speech. I m going to outline 14 different ways that I ve found you. The real goal of any talk or speech. I m going to outline 14 different ways that I ve found you. The real goal of any talk or speech. To discourage you by telling. To discourage you by telling. Space in your house How to sell faster than your neighbors How to make a strategic use. The real goal of any talk or speech.\r\n\r\nBy Learning Ways To Become Peaceful. One of the greatest barriers to making the sale is your prospect\'s natural. Don\'t stubbornly. Don\'t stubbornly. Don\'t stubbornly. -And Gain Power By Learning Ways To Become Peaceful.', 6),
(9, 601, 'Sixth Floor', 800, 'Space in your house How to sell faster than your neighbors How to make a strategic use. To discourage you by telling. To discourage you by telling. I m going to outline 14 different ways that I ve found you. The real goal of any talk or speech. The real goal of any talk or speech. I m going to outline 14 different ways that I ve found you. The real goal of any talk or speech. I m going to outline 14 different ways that I ve found you. The real goal of any talk or speech. To discourage you by telling. To discourage you by telling. Space in your house How to sell faster than your neighbors How to make a strategic use. The real goal of any talk or speech.\r\n\r\nBy Learning Ways To Become Peaceful. One of the greatest barriers to making the sale is your prospect\'s natural. Don\'t stubbornly. Don\'t stubbornly. Don\'t stubbornly. -And Gain Power By Learning Ways To Become Peaceful.', 5),
(10, 403, 'Fourth Floor', 423, 'Space in your house How to sell faster than your neighbors How to make a strategic use. To discourage you by telling. To discourage you by telling. I m going to outline 14 different ways that I ve found you. The real goal of any talk or speech. The real goal of any talk or speech. I m going to outline 14 different ways that I ve found you. The real goal of any talk or speech. I m going to outline 14 different ways that I ve found you. The real goal of any talk or speech. To discourage you by telling. To discourage you by telling. Space in your house How to sell faster than your neighbors How to make a strategic use. The real goal of any talk or speech.\r\n\r\nBy Learning Ways To Become Peaceful. One of the greatest barriers to making the sale is your prospect\'s natural. Don\'t stubbornly. Don\'t stubbornly. Don\'t stubbornly. -And Gain Power By Learning Ways To Become Peaceful.', 4),
(11, 801, 'Eight Floor', 1000, 'Space in your house How to sell faster than your neighbors How to make a strategic use. To discourage you by telling. To discourage you by telling. I m going to outline 14 different ways that I ve found you. The real goal of any talk or speech. The real goal of any talk or speech. I m going to outline 14 different ways that I ve found you. The real goal of any talk or speech. I m going to outline 14 different ways that I ve found you. The real goal of any talk or speech. To discourage you by telling. To discourage you by telling. Space in your house How to sell faster than your neighbors How to make a strategic use. The real goal of any talk or speech.\r\n\r\nBy Learning Ways To Become Peaceful. One of the greatest barriers to making the sale is your prospect\'s natural. Don\'t stubbornly. Don\'t stubbornly. Don\'t stubbornly. -And Gain Power By Learning Ways To Become Peaceful.', 5),
(12, 105, 'First Floor', 234, 'Space in your house How to sell faster than your neighbors How to make a strategic use. To discourage you by telling. To discourage you by telling. I m going to outline 14 different ways that I ve found you. The real goal of any talk or speech. The real goal of any talk or speech. I m going to outline 14 different ways that I ve found you. The real goal of any talk or speech. I m going to outline 14 different ways that I ve found you. The real goal of any talk or speech. To discourage you by telling. To discourage you by telling. Space in your house How to sell faster than your neighbors How to make a strategic use. The real goal of any talk or speech.\r\n\r\nBy Learning Ways To Become Peaceful. One of the greatest barriers to making the sale is your prospect\'s natural. Don\'t stubbornly. Don\'t stubbornly. Don\'t stubbornly. -And Gain Power By Learning Ways To Become Peaceful.', 3);


INSERT INTO `rooms_facilities` (`roomId`, `facilityId`) VALUES
(1, 1),
(1, 2),
(1, 3),
(2, 1),
(2, 2),
(2, 3),
(3, 1),
(3, 2),
(3, 3),
(4, 1),
(4, 2),
(4, 3),
(5, 1),
(5, 2),
(5, 3),
(6, 1),
(6, 2),
(6, 3),
(7, 1),
(7, 2),
(7, 3),
(8, 1),
(8, 2),
(8, 3),
(9, 1),
(9, 2),
(9, 3),
(10, 1),
(10, 2),
(10, 3),
(11, 1),
(11, 2),
(11, 3),
(12, 1),
(12, 2),
(12, 3),
(5, 9),
(10, 12);

INSERT INTO `rooms_type` (`id`, `roomType`, `maxCapacity`, `roomSize`) VALUES
(1, 'Single Room', 2, '20 sq'),
(2, 'Double Room', 2, '25 sq'),
(3, 'King Size Bedroom', 3, '30 sq'),
(4, 'Business Suite', 4, '40 sql'),
(5, '3 Room Apartment', 6, '50 sq'),
(6, 'Luxurious Suite', 4, '60 sq');


INSERT INTO `users` (`id`, `username`, `password`, `realname`) VALUES
('1', 'khalid', '21232f297a57a5a743894a0e4a801fc3', 'Khalid Saeed'),
('2', 'admin', '21232f297a57a5a743894a0e4a801fc3', 'Admin User'),
('3', 'sami', '21232f297a57a5a743894a0e4a801fc3', 'Sami Saeed'),
('4', 'elma', '21232f297a57a5a743894a0e4a801fc3', 'Elma Elma'),
('5', 'david', '21232f297a57a5a743894a0e4a801fc3', 'David Kim'),
('6', 'sally', '21232f297a57a5a743894a0e4a801fc3', 'Sally Adams'),
('7', 'julia', '21232f297a57a5a743894a0e4a801fc3', 'Julia Roberts'),
('8', 'tom12', '21232f297a57a5a743894a0e4a801fc3', 'Tom Hanks'),
('9', 'user9', '21232f297a57a5a743894a0e4a801fc3', 'User 9'),
('10', 'user10', '21232f297a57a5a743894a0e4a801fc3', 'User 10'),
('11', 'user11', '21232f297a57a5a743894a0e4a801fc3', 'User 11'),
('12', 'user12', '21232f297a57a5a743894a0e4a801fc3', 'User 12'),
('13', 'user13', '21232f297a57a5a743894a0e4a801fc3', 'User 13');
